lon,lat,rotrate,fix,mov
68.28147601173346,42.32199799542906,0.8915625448287307,na,ca001
-109.01656548159812,-8.994309771280946,0.4889984504333267,na,ca002
59.73755942646661,45.767844232022206,0.8852928935243916,na,ca003
-109.16039296772466,2.4368347979346936,0.3791750533944063,na,ca004
-102.72727417337795,26.61304955765025,0.29239484101974533,na,ca005
59.83364322988087,39.37078550927032,1.1058369078449413,na,ca006
116.28659321911002,68.83006166426483,0.2892838769150043,na,ca007
99.19897948149841,60.90921435414681,0.3633313187765604,na,ca008
108.0660640640663,73.62985364105954,0.23666728912077936,na,ca009
68.78702372364133,46.510322139308485,0.716857072267233,na,ca010
68.14487758551597,46.07421293353486,0.6646444968908242,na,ca011
68.46304805882212,38.80607456873976,2.3121355686464122,na,ca012
66.92054990141409,39.877571204473405,1.456379966963431,na,ca013
-35.328214026150164,28.688043958553546,0.18019495499359633,na,ca014
63.22754864297624,39.921379458424035,1.045070248772326,na,ca015
-81.49243408580202,-14.915617988746897,0.3686425996622704,na,ca016
44.825634776377235,46.29361473061082,0.5013786332765728,na,ca017
43.62769446647241,45.45877915644159,0.46055855547955954,na,ca060
-112.63748808698024,-34.68779588548645,1.0475537434108835,na,ca018
97.77236416994543,72.17943117509988,0.18553087947675154,na,ca019
-130.41322566448835,27.68870110872051,0.11214036008159246,na,ca020
112.78915753627989,70.8399126122761,0.2314983360490215,na,ca021
97.83452094567564,72.113639350459,0.2869757437651832,na,ca022
-121.81398249632059,-23.263018662866017,2.3991602097060296,na,ca023
-119.01979582778826,-5.555130430913759,0.4897217655579756,na,ca024
-122.15325677775715,-25.67149787721955,4.304989685786643,na,ca025
60.949696140547,47.87192849685512,0.6337576005739157,na,ca026
-122.35162210738741,-29.49895952962314,1.7559612767587278,na,ca027
-122.45471733522855,-26.28014228454464,1.0766289905651882,na,ca028
63.051308665055956,48.25799291280213,0.6451544715939173,na,ca029
58.91172142112371,61.71880628567028,0.3336002436697776,na,ca030
90.87363790229074,68.93160761666259,0.27436938248424414,na,ca031
66.71749528933546,54.12275898164205,0.49274310339508953,na,ca032
-124.06099250612402,-16.89393300646661,0.48122311400094236,na,ca033
-122.08631572602644,-29.592661532813814,1.6181333819240684,na,ca034
-122.94343545228284,-30.661986065117784,1.933158595673396,na,ca035
52.66204433838981,51.74192847498203,0.5218730283519861,na,ca036
-123.11200823032706,-24.910995291963467,1.0595566313357057,na,ca037
53.05389284259656,37.694045267596,1.3355447521240698,na,ca038
49.733399093131005,45.346358875592315,0.6628886508646369,na,ca039
44.95326855929797,51.47632884627981,0.4720541942988485,na,ca040
-121.81965458489542,-25.53879832696388,3.9163051068382972,na,ca041
28.69212290276166,49.83276445228468,0.5175822447181887,na,arb
53.88784231278761,32.46892625100314,1.9330938911980844,na,ca042
55.87829548846511,28.19465335466154,7.414335850099088,na,ca043
29.456546650578872,66.53704301040325,0.2921210468406557,na,ca044
-123.7914264962664,-18.17656151330719,0.5359290599091036,na,ca045
-125.60519756565573,-5.867040164801957,0.2875446713440312,na,ca046
-132.63207492268225,7.91641039584652,0.1726823869342594,na,ca047
63.94327036590954,59.90929335532592,0.35370804970054737,na,ca048
-76.34836288398601,67.88292231020262,0.16338553935352662,na,ca049
46.22517033890432,47.7867760928732,0.7055726477411544,na,ca050
-127.73112575199458,-33.133380885430874,3.3751466178474554,na,ca051
-126.44309681912077,-25.98058975068499,0.7816109877301048,na,ca052
-15.40548726545889,79.29348406719237,0.19727090502678002,na,ca067
48.14700946456086,44.80429777833897,0.9378003097714538,na,ca054
48.18736673680429,43.80383352577908,0.5849881202690376,na,ca055
-115.53727904852279,51.097101534543725,0.12378202392646788,na,ca056
54.03932459397952,31.217113538428165,2.411699781011511,na,ca057
51.70504198907111,34.88800194928288,1.4163813549103739,na,ca058
-127.68734889584749,-29.06148531782471,6.791083657450686,na,ca061
45.30527346807687,50.298545584291915,0.3233035425597303,na,ca059
-116.94966099203107,4.5673662741878855,0.25464881413109436,na,ca062
-122.5102299459383,-17.550228471226344,0.559192106024247,na,ca063
-125.39719224364286,-25.112191426686177,1.1705312347498367,na,ca064
45.75966450817623,37.21830441561429,0.8678191735669175,na,ca065
-128.19286574845515,-31.797350654066967,1.4481725588204224,na,ca066
-126.54830385912437,-18.719547067362523,0.4775425787143767,na,ca053
-74.57654651155457,-2.623049039288475,0.2440216442955221,na,2
69.13252696942665,41.61150509515881,0.8631880981933635,na,3
48.72659827015287,52.907493838173906,0.440709202698622,na,296
-78.00498696818688,2.7036682049107528,0.3098505619880667,na,6
-1.0289733129730332,61.86750136933573,0.27316320243936126,na,7
-59.52777186238423,27.02334025000073,0.3180819043487811,na,8
15.393309027662402,56.28899605375125,0.377308440177385,na,10
75.31579714809376,42.92784705593775,1.116292691720661,na,11
-70.416699081941,12.05509980961996,0.33369840403138523,na,13
-77.84326010817097,-2.9338279916551127,0.49410757707688446,na,14
-79.47264825674425,-6.652248972067015,0.6841464375295475,na,15
79.21305365042029,44.88961952095208,1.3006420085726849,na,16
69.65635922159528,38.52153681542221,1.1320068240355308,na,17
74.28315418978356,37.17124436149152,1.4891770068119088,na,18
39.66684890526419,60.92012225478709,0.38231074912193963,na,20
-88.30181525836291,-24.359112222366257,1.6609697704835342,na,23
-64.66345473234615,40.06982367066653,0.3006454605096561,na,24
-86.5863537581143,-20.915261744044265,1.3776464466120795,na,25
-83.23229457143127,-12.58235425849613,0.807264902696438,na,26
-83.58829353926266,-16.184487797339123,1.3601071152496498,na,27
-84.05813594854399,-13.10648653802669,1.188825969130284,na,30
68.19623895633241,37.6610460293624,1.2649689988867587,na,31
-79.96045038610637,-3.1337967022266704,0.6551188613442599,na,34
-87.11046818187121,-25.878210676422142,3.2691455487866468,na,35
-84.70466631026272,-21.7271420334972,2.169706416563535,na,36
-84.20451702869023,-22.477892825447682,2.464342333004316,na,37
-79.65710277723514,-3.124789479136203,0.6673168695957441,na,38
-83.18393183857394,-14.343853984816585,0.9084411668636593,na,39
-89.06104815373418,-25.133335218153324,0.6010271663194295,na,40
-85.15455699871883,-17.99012771918616,0.38095520533178523,na,41
-73.3340429364086,4.496445120861624,0.17979988032811833,na,42
-85.01989993971235,-19.286642523743595,1.6646209088383617,na,43
-82.37087716009512,-23.954320649535624,3.9266915587759814,na,44
-88.43166864238312,-15.512639923647393,1.0148321326187453,na,45
-86.01342562501301,-17.463501366463092,1.3387439198143218,na,46
-83.00912726365897,-21.153120210936482,2.4297343426584375,na,47
134.39787546594212,54.42864363800525,0.3846749618379218,na,48
-123.85883168440854,60.84515877757501,0.30475749317945255,na,49
-85.20691413492929,-19.585984002412243,1.6484394303169898,na,50
-65.58904344357416,3.9016875855824553,0.2171717624047671,na,51
-82.28535929905469,-16.42803438289171,1.174442362163866,na,52
-141.23259776399846,60.04224089781336,0.2978786422613981,na,53
-84.59424878471695,-16.662896351041987,1.338236669648198,na,54
-83.75968639547919,-12.477630130017362,0.977373588532356,na,55
119.4534893053675,48.407102915155406,0.7142408582068323,na,57
-83.02704886122332,-16.53546003520789,1.3828295103997532,na,58
-88.31093390215426,-15.883650020936354,0.9163624287454057,na,59
-81.6398811198765,-19.735635084802663,2.0910419524562163,na,61
108.85394688341096,48.95881443084548,0.6541153259286088,na,62
-85.53977044737762,20.441540023520485,0.3359433992670596,na,63
-161.74378757273988,59.392559127351674,0.23400084851684574,na,64
-90.66242353633379,12.752071491562782,0.3635081869809681,na,65
105.34753081567781,28.71073762505678,2.367870527324514,na,66
104.65513394224747,27.673847639693246,2.7651098107396876,na,67
28.419989561262877,47.93479145843544,0.49027157427449597,na,68
-84.36846441977244,-17.508268712274216,1.4087671103452373,na,69
-80.32400256558219,15.28260623903938,0.4501406360506377,na,70
-83.46636859360625,-20.515831910806302,1.8054183280103544,na,72
-83.12099686288488,-24.154272189484654,3.864293104095081,na,73
-87.22721149436916,-18.239995635825284,1.1199880318785822,na,74
-85.04972871971553,-21.098373995967776,1.755237136973567,na,75
-84.84397714381936,-19.656760149266663,1.551518604722462,na,77
-84.88191313812375,-19.844009008646484,1.5074920778948608,na,78
-85.83302102246408,-19.89618887474275,1.263427201016524,na,79
-84.63882468642934,-19.010663439670054,1.0865204155287154,na,80
95.77209502563242,29.184349621489563,11.287732088742326,na,81
-84.28323723740279,-19.693167594934636,1.2833852722623234,na,82
-86.24112442813878,-18.804914300766697,1.023108216487084,na,83
-83.9429004759027,-19.161796006874358,1.7062066102753652,na,84
-84.65711705579587,-18.11032158141877,1.1177788826712152,na,85
-84.92395640105352,-20.301499383000575,1.5076978477805207,na,86
-84.40345854486135,-19.448530460247248,1.56605218172766,na,87
-84.19558234144891,-17.967818690727977,1.5066862061762194,na,88
-82.14868411369544,-22.106777830136696,2.267254404661166,na,89
-78.16652611753867,-13.003658971140476,0.6913748482332865,na,90
94.44912101683555,26.868340881071283,2.114665934057085,na,91
-82.90737461320342,-6.164283488178294,0.7026392248372642,na,92
-82.02232836510306,-9.48360432357122,0.7473839525042943,na,93
-82.40214299755515,-20.01795340692802,2.463592302777313,na,94
124.801739854837,67.91205652766858,0.33342591480613776,na,95
109.79429792731109,40.46123187509395,0.7539954783429992,na,96
112.98643389406428,49.53389854066306,0.5315606338893182,na,97
120.69371804460056,67.43903235485577,0.3367063158960476,na,98
105.92279997410759,31.2263910107008,1.4676622349197272,na,100
-88.1322777648837,-11.646499691763315,0.38977974807955684,na,299
83.1717396278915,38.805362844400236,0.49195856467676446,na,102
-83.37157959199358,-11.720845854207647,0.304937973810929,na,103
86.4694183189678,56.5841257619097,0.5866453671302849,na,104
56.66619633405482,60.02732841543161,0.4112202721072758,na,105
53.98624569990721,46.18102904786574,0.5769517259710802,na,106
64.86025899130875,41.156933503797255,0.6877705874579596,na,107
-79.77890517286367,-1.3624729249959833,0.5139065139587243,na,108
107.74922059059675,47.29669483335276,0.9570977524191445,na,109
-78.92269188740903,-1.796106812702812,0.41064330264107446,na,110
-77.21364482243887,-18.189681798925335,0.7674964232968016,na,111
-76.13122212659734,44.6364558691531,0.23523682781614325,na,112
-78.93442021828683,66.1828774678534,0.18999883620007552,na,113
-78.89118631452145,1.4178438599972623,0.3366704011334889,na,114
102.6300845807604,63.281159128002805,0.37047252568948663,na,115
100.5276385788888,51.88543747857564,0.8048119878290623,na,116
74.95537141497279,79.88489672369262,0.31964294717249797,na,117
-57.569707039204985,84.29374066573102,0.24054828970189587,na,118
-76.58650742721997,75.67453386388317,0.22894973717725117,na,119
-77.01449847399294,-18.97069525701157,0.7229852060344186,na,120
108.57918140416206,64.81600872348024,0.44766625990857417,na,121
98.68844379597286,77.41447560099115,0.2706267137200125,na,122
-85.75555929505373,-22.475515145461294,5.734256751052105,na,124
-86.24072018703431,-25.39641978593671,0.788778075807118,na,125
127.91981183303785,70.59567826108304,0.3046379136947512,na,126
-101.43977803591895,43.299135856704595,0.2579469639313119,na,127
118.62214539359324,67.94186869410673,0.32037195685146236,na,132
118.66046440995589,68.62380129090172,0.31895812491456543,na,133
-86.05969116438742,78.39300605680774,0.18756310346197874,na,134
112.00050166489537,75.20432719847486,0.26345797999132986,na,135
-82.3677005063396,-31.291683602444735,0.9808957999632121,na,137
-75.81565716039513,63.48770274678045,0.16927275889420385,na,138
69.21391628397039,67.18185747479706,0.37087375447379267,na,139
91.87640741489106,56.151406828213744,0.6089643954094863,na,140
92.3467653673738,60.66584347706405,0.4656732528571752,na,141
-67.83681352698247,35.37638092580952,0.22550545556684873,na,142
85.36469452744036,45.19844819953425,1.3490862230945606,na,143
-76.34820201137155,7.992605697193709,0.36449795594503004,na,144
98.4645703430378,48.54142924286424,1.0862793574855765,na,145
74.46787125568878,52.429439666364786,0.615674757780407,na,151
54.21232491187856,58.598322865227864,0.4477515607210732,na,149
-65.7257557441246,11.703588561456508,0.26264540875533965,na,150
51.476397986484244,60.82106317964918,0.38768933557737373,na,147
-84.76111213482376,-27.629095883545624,0.7156619516123287,na,152
-83.63791408909472,23.722639718874014,0.15576534630938038,na,153
-80.60788828131015,9.79419691232229,0.2071816171379102,na,154
147.08158146550818,57.07981466806162,0.29172756575990344,na,155
-139.1333476052117,50.270497186837204,0.2066357195888057,na,156
111.14598160687171,40.78827244082327,0.5392750459037227,na,158
-88.33652400800825,-6.577002069590248,0.5580552593022593,na,159
117.98135069670558,44.14502069800497,0.45065161154992806,na,160
104.9481030280663,29.780697921810106,1.4354282928078927,na,162
-98.79338886154731,26.48775559049549,0.23245811350377255,na,163
105.29445706424424,30.601106954159352,1.4233006362207048,na,164
-90.45297298614562,12.900035236660855,0.3304120272032086,na,165
-86.96119675742817,3.224913090269424,0.45991304729527965,na,166
95.61678026625148,31.6734994345613,0.8222050296336689,na,167
105.18130578826624,41.424176561370466,0.5048672050734129,na,168
-84.95020808760073,0.9368878954885397,0.5474675073646613,na,169
123.06492376818724,48.7633016669662,0.40156779072518695,na,170
122.49106714698837,60.52217004928112,0.36306661605229296,na,171
116.31215486589025,65.56556676797449,0.31487397894444163,na,172
116.40915644702132,68.63136340845593,0.2891542809628808,na,173
123.38650511455616,61.985151993070836,0.38040112442714163,na,174
122.35315501888502,62.806698545496296,0.38020286919636187,na,175
115.32142334164624,61.63096417163146,0.40713322380218386,na,176
-92.49355647992748,61.345301591579386,0.18458625235217155,na,178
131.02556739837914,71.46414313903753,0.280801435752223,na,179
118.88886674669389,55.42598687568366,0.5481178033681733,na,180
-77.09008304220691,28.95276422274967,0.1778418761577443,na,181
120.00261537269715,60.11849160958283,0.4214195350446347,na,182
147.70149422083765,79.95534714796011,0.25057003534734296,na,183
132.76293918648562,74.79283211298285,0.2948040816799481,na,184
130.88792781968718,71.18347480392036,0.28594059892766677,na,185
-100.59593281312712,10.873906652970572,0.3083801185085581,na,186
-89.82092651245036,-8.544334619576603,0.6174044943865445,na,187
-131.00830187530704,44.46658953223496,0.19054874059788562,na,188
-91.0600575536264,-11.913062965234344,0.7068510036125595,na,189
128.44283307969053,51.96497155780553,0.42145733144358255,na,190
126.28863654462631,60.04388222364793,0.3428677781579268,na,191
123.91396453900384,61.81902594630395,0.3508107428922515,na,192
125.96654325441519,59.22197355181152,0.3604377893346544,na,193
-111.38890756901885,-36.298869197858316,0.5374281877978763,na,194
-102.11706594685333,-33.32518024302896,0.8241383666691746,na,195
90.58295968853771,63.19945617099916,0.3079819946519366,na,196
78.98886961043759,53.2899027829688,0.643316274262772,na,197
-106.94710469764397,-30.318265899372914,0.6041055454661176,na,198
76.62136194338181,50.174884926737,0.8901770446861949,na,199
76.35014661931763,56.589600529496636,0.5201493137338329,na,200
174.12868612384565,76.47250310595886,0.16717802790116332,na,201
59.95868972694042,49.940389654259555,0.5365800961571101,na,202
72.03768627183304,43.918215287160535,1.6308926200695266,na,203
72.4810302927101,42.87041698391337,2.339711869604506,na,204
72.61506185414339,44.712923158607666,1.4685201360010811,na,205
71.81466956756911,44.96464561616294,1.481522722111445,na,206
73.35129176960984,42.925483763202784,2.961392754906646,na,207
72.26952755848555,47.958785357036376,0.9321644841997875,na,208
77.90634469702684,58.194509863274675,0.3986189455810622,na,209
81.9007953819724,58.42468015396247,0.3910854703388389,na,210
96.75322719080071,67.86946304919213,0.2503965394848141,na,211
-127.85323935441392,40.190838380063944,0.1121355199510089,na,212
78.57074182331283,63.44904626055212,0.32733082393978,na,213
85.20489873765844,62.03554340118622,0.36384456359091766,na,214
81.62022185040874,62.66612918005642,0.387644114677945,na,215
-101.36425268495174,-42.303722214009355,6.547374611018314,na,216
77.5876666441274,52.26378863232263,0.7483158627194764,na,217
77.98822022506585,45.07466410719037,2.648862153099966,na,218
78.45753085590023,46.01938868410158,2.0365868457737255,na,219
125.12352604813775,57.71886383172128,0.41196546931822126,na,220
75.81182330046812,46.04079135263393,1.7907783345143364,na,222
73.75600298764108,45.57795189543945,1.482660619757266,na,223
71.67794412582474,48.728174091044394,0.9961683991756498,na,224
75.35393169989115,50.95103414445349,0.7511758041479948,na,225
71.29716313873217,49.59737786956007,0.8592816557259769,na,228
74.71290078272688,48.13526546920844,0.9884589825111908,na,229
73.18441349792558,48.042370167837845,1.0380172173356192,na,230
-95.8251507132367,-25.67259368755581,0.4719113145590918,na,231
-96.75124416298021,-29.284194798630708,0.6595590222776753,na,232
77.87576351579078,53.884465057213426,0.7813756147937979,na,233
81.02285718007633,55.32687993641602,0.6954283753071693,na,234
76.15896663723615,45.060423291489315,2.493307045345178,na,235
75.48200363743769,47.10658866130732,1.3167600213053499,na,236
79.14983207127115,32.331667954105114,3.118450602803038,na,237
80.05549768529335,62.10048512696249,0.4005343024324547,na,240
79.0642576491453,56.70735385386066,0.539892324819362,na,241
-97.0773151251773,-21.667119101399425,0.3810601603507167,na,242
80.859254764183,55.48576357956244,0.6388660900459191,na,243
81.67730922026723,51.387472140256556,1.0273894976049924,na,244
83.77416792201288,55.24117206868344,0.5614633393644558,na,245
82.60450261355659,50.75082941018414,1.1064105424840656,na,246
-89.77007537144206,64.76213830589694,0.15525159133464977,na,248
69.59913796731817,44.13962346527363,0.8375176552009659,na,250
57.36643010077935,78.83956109339312,0.24535352290651596,na,251
63.892776146411265,74.00937977419372,0.27389249539123534,na,252
83.53577480488488,51.55635157580049,1.0103863908139812,na,253
76.46556846421262,66.8923720666248,0.361139294136278,na,254
-88.80763996696656,-30.396473039835946,0.6461806185844158,na,255
-35.54599345788769,80.42945946285974,0.19113330190224578,na,256
124.09472323163597,70.93544211523704,0.18520489239711602,na,283
-84.31286639130347,-22.147668389629978,0.4104386724482577,na,258
30.697056964295147,88.2933950352414,0.17160127715651263,na,259
-84.38629204853828,4.230672636987407,0.19116996121248028,na,260
-80.41553151405938,31.333713064573697,0.15789813112385515,na,261
-83.0739121927507,14.090273306904301,0.17335562704745644,na,262
134.31491258617248,79.00209782267645,0.21725604334549473,na,263
83.7203728953971,52.440886973002115,0.715323049144558,na,264
81.72346154617337,53.78207908679292,0.6657055744553894,na,265
-159.40363795537345,65.74838637360405,0.13397901798598577,na,266
88.53660876399091,58.36895659181629,0.46599807786368663,na,267
86.78423047057927,57.22460089810078,0.5094342231104572,na,268
94.54128282898968,61.59797299368414,0.3335176548952387,na,269
-84.20132252300805,-2.2642657231863743,0.22426704790872723,na,270
-81.0837749112144,65.15533734773415,0.1499900237219924,na,271
-153.37114279505224,83.9240776507471,0.18157179472354087,na,273
118.62191988986257,60.69399200459067,0.4001489563434587,na,274
115.9093708198604,52.33260336200137,0.6964722152086178,na,275
119.56154653066041,57.19448600820304,0.48681898948857144,na,276
171.1363652258461,82.44020598164346,0.19243496350143724,na,277
118.77412459848125,56.59772308913903,0.5106360971355479,na,278
119.49627647517559,54.4888191027033,0.562254358780863,na,279
122.45433202204347,62.89904939381774,0.33332438455228325,na,280
121.03747610538124,50.70298179430256,0.691182995889346,na,281
118.38142352715975,51.35432249168298,0.7246924765466836,na,282
85.28622115701874,52.129673974644824,1.0410178551877485,na,285
85.78037443232635,55.72625267478083,0.7249250065882958,na,286
74.33175499911812,81.12515337081177,0.18134602802111513,na,287
86.3350498822068,52.70816480222892,1.1428107692677534,na,288
84.108832515048,61.451068924165014,0.45975545862651723,na,289
104.93687844964808,67.12165702600628,0.26660533641785517,na,290
71.76733945185728,39.0257040216814,1.261791698357092,na,291
58.865960355207676,50.78817371479768,0.5666617048424425,na,292
-83.44043022626683,-20.040456415364623,1.8554296672702297,na,293
99.60952165980078,31.95612022367324,0.8655673081347184,na,294
-79.96716786218425,-9.674667463525711,0.8792783390789061,na,295
68.7767210018133,44.56279716226431,0.7525588867123607,na,4
-81.23218001339598,-13.501343554524905,0.6107534199288182,na,101
64.96994006102075,84.50621470993087,0.1854319250459255,na,257
-126.89815886884588,-20.553091418563298,0.5280164075146819,na,an001
37.249380621442604,60.79169059843042,0.4467552616594597,na,an002
-127.56017342381247,-10.108012845865384,0.3882523936796854,na,an003
-127.64884187640176,-26.641365206376662,0.7842032306182607,na,an004
-131.37338268405276,-32.661642470950525,1.7933034085305084,na,an005
45.10216241813536,46.46124688623549,1.7088408202945244,na,an006
46.85581125557832,48.428942518101586,1.3054955552122338,na,an007
45.76300457826915,46.84631043739259,1.757169127362298,na,an008
46.567361496257234,48.367752342340765,1.3235139956199344,na,an015
-141.14183718467072,-13.839949767327804,0.36900474330234795,na,an010
46.04770770637843,47.844977740174805,1.3401240252329136,na,an011
45.055549717043036,45.174236109497144,2.119296410593267,na,an012
-133.2829114522375,-29.30098885398901,1.2096826166316546,na,an013
-126.38145562889152,-16.82725945400326,0.4529064857908685,na,an014
39.585470031755584,64.71003303114574,0.4460539296838294,na,an009
45.23500354856662,49.26155800101508,1.2939967352420514,na,an016
-140.31572134129777,-24.054564455733182,0.573546951782891,na,an017
44.24100421574159,47.96027691777111,1.284738206732399,na,an018
55.83170830158996,58.34743494390314,0.4380717918908493,na,an019
-141.82145262903802,-27.379398620652534,0.7038659198383466,na,an020
-139.27199329976725,-37.97948681268456,4.408042332286074,na,an021
40.97046594285559,41.13932635838765,5.118608316330306,na,an022
41.26826152166707,51.67954402280656,0.6732544182318482,na,an023
-135.3174235975412,-12.960124683414104,0.40850243132589825,na,an024
-136.63596234725676,-32.134542515090054,1.2620911488837807,na,an025
-132.6168489737129,-22.81709370760288,0.5183743590881447,na,an026
-136.9641748780971,-36.78489324233804,3.2794422193657127,na,an028
-135.67192993317425,-35.389633159096576,2.2806606723389495,na,an029
-131.39024891484755,-29.934330423611087,1.0051689112668032,na,an030
-134.9169554540549,-34.81279546930775,1.9650958070056657,na,an031
-128.9757941881346,-18.250150212978006,0.4011599983433877,na,an032
-139.08854935486926,-38.98887731754475,12.020377807894816,na,an033
-140.51887643171406,-39.42843240384552,3.0129877632049356,na,an035
34.1174569543147,42.223051782993295,0.9574379050099758,na,an036
36.25464954930351,40.143517396886004,0.4921675386020201,na,an037
35.872382619854434,40.386684819681854,1.51915345124919,na,an038
32.40367300990851,40.59262573043197,0.8939018754600182,na,an039
35.34198071901192,41.54999557753576,1.3516813877897336,na,an040
36.32835659374255,38.4428371208637,0.9876531015266229,na,an041
54.56710716637345,57.01242243183871,0.5834168067020785,na,an034
59.071356333835745,68.33166802677168,0.30189859961749516,na,an042
53.987765700620386,56.93576118376309,0.5567988605752439,na,an043
-152.12432438725952,34.504749308349815,0.16662918716705225,na,an027
35.689221945645045,38.9425904523672,0.9597820637186519,na,an044
-71.02753752032757,55.356537685101,0.14576306167959885,na,an045
37.912595752241415,40.04666924699791,2.1233584788861113,na,an046
18.92348364308598,56.170097923620546,0.3352332031346917,na,an047
33.18420608721098,44.25395083844192,0.8387816170778708,na,an048
-8.030971089304476,-64.71416342679903,0.8156052708239391,na,nea001
-2.989302818252597,-65.36400699583001,0.40847511432156774,na,nea002
90.90809670144115,56.742625947875574,0.7563829970624795,na,nea003
96.2211290943004,67.78208316134031,0.32372991930209905,na,nea004
91.83868060320214,67.90756333631309,0.32318930385983796,na,nea005
113.47403396772006,78.89258466519765,0.20594961749422688,na,nea006
101.06637661060812,65.71970422228434,0.3454349903163486,na,nea007
110.77935832551051,68.97219842392474,0.23611205042671948,na,nea008
-98.24473564743329,32.096273988848075,0.08574834600042035,na,nea009
-86.02062733555506,-31.255322699824085,0.200378419768954,na,nea010
109.4322008488382,63.39554592770081,0.3796469978049705,na,nea011
138.10073321663677,73.84807717392944,0.20146605909740914,na,nea012
108.49487187222232,59.823712164494474,0.4790480495743725,na,nea013
-78.00857408907831,-41.77846537744754,0.5531129063203819,na,nea014
118.9307859751224,65.58681334393306,0.3707144992213132,na,nea015
128.09554446431585,75.28221820765611,0.16458658740384,na,nea016
109.48626530656254,58.133741330139664,0.6666176116870787,na,nea017
-110.98608496328652,66.7763682419122,0.08718398690015576,na,nea018
-134.1399591403856,79.67949003620826,0.139406315730791,na,nea020
121.77783934992291,66.17332670118948,0.30242511145959355,na,nea021
122.12354007202097,68.98755217520618,0.27143419604857477,na,nea022
124.10164804177296,76.26372830861737,0.23591140405757485,na,nea023
132.01156824709082,78.10324899869146,0.21836036986080648,na,nea024
115.47576024490034,69.33758799648086,0.2974072986988637,na,nea025
141.0587407557865,78.184657497175,0.2082504710330184,na,nea026
-21.761444366966884,-62.018016533349865,0.43131417383836484,na,nea019
111.3828667966237,64.81156405893428,0.36616912743727037,na,nea027
94.02077566961297,77.0844799387934,0.2310665097500668,na,nea028
112.5391454686059,57.976789875201256,1.595334716925033,na,nea029
-15.821694604434452,-51.43055596430404,0.29941970834702497,na,nea030
-24.23481136250478,-55.15974614311055,0.5663990965261684,na,nea031
-125.53701812799322,49.67748837796761,1.2886555137988636,na,c001
62.18986051991887,-45.19981799562497,0.768286085201204,na,c002
-130.48588054783292,53.953639152208204,0.19312618155783237,na,c007
63.54702509912116,-44.146896730106754,1.7538261700923088,na,c006
61.276904091925715,-46.892697408959265,0.9440505108740865,na,c009
60.39510853228715,-46.6055031509199,4.2855883952865685,na,c008
64.18184359415683,-43.80806323040764,0.4227060712108734,na,c011
178.42837475745975,52.17546854341948,0.05689211519619624,na,c010
62.721252250436066,-45.39122472543727,0.7781422838324396,na,c004
66.75736634710633,-43.34653664926357,0.34572726594765624,na,c003
64.9487561416103,-43.03935597399508,0.5877640749953248,na,c028
-172.97167820143406,53.74693367469276,0.07210517676875025,na,c013
65.80420099130009,-44.67289382098834,0.4215627385576146,na,c014
68.19126051705695,-43.86746626158002,0.29182390240477873,na,c015
65.2123355510459,-45.302838214901385,0.45079447443165477,na,c016
70.4875948125966,-42.592025331872726,0.18490208011798803,na,c017
-144.6133647779183,76.77970730889322,0.0927275267980861,na,c018
71.64819645826375,-34.66365034295649,0.29932009867959414,na,c019
61.42574539649725,-44.193656913331886,0.9079617647305858,na,c_01
63.07195607372289,-41.484011567929485,1.0135770486624285,na,c020
63.68678317913375,-43.147618266418206,0.6195184825994493,na,c021
62.173768999619774,-43.7281056163233,1.0874030181336531,na,c022
62.22881237842411,-43.08086074140899,1.1268455335567018,na,c023
59.274807831139064,-45.3627115800435,2.13070234168951,na,c_02
61.56652545107606,-42.4578053693992,1.302445692969272,na,c_03
61.695209131878904,-42.49884584094032,1.2780722576687986,na,c069
100.21105116191858,-35.949569066503955,0.07299193327085855,na,c025
65.39801671277341,-40.419257266565694,0.4711609120749858,na,c_06
-133.71788704120993,52.31379173001436,0.6439189214615805,na,c_07
-130.64124347744004,52.658671288747186,0.8509174108024985,na,c_08
61.34137693380439,-46.442238577760804,0.9218710775964838,na,c_09
-139.8900201197069,56.9027657841811,0.23660045122809586,na,c_18
-138.53629958480036,51.49084869269762,0.2620292051543025,na,c_10
53.357345863142626,-57.28340923127242,0.2857759947913646,na,c_12
69.1084859769857,-47.01561102240359,0.24878657931849363,na,c061
65.86323941694924,-44.37027329054252,0.604293436617397,na,c029
62.3559431435464,-43.33704951664888,1.2886089856422598,na,c030
65.28564014700173,-43.804222893756645,0.5074192777668457,na,c031
65.1465233294006,-44.05930624988272,0.5034931076685911,na,c033
72.8293845852251,-43.050002667500664,0.14767556468700627,na,c034
65.07600287088408,-44.74112975805193,0.6293658136215665,na,c035
72.72188109781426,-45.516678085591444,0.14874120191380516,na,c036
65.46779440807825,-44.64717067161645,0.5756770458607225,na,c037
65.57150911485192,-44.48514594554002,0.4924564950424314,na,c039
67.1876746297451,-45.14135475463284,0.3908853521463929,na,c105
-127.46640151299395,25.158504395490272,0.08228230933416539,na,c041
70.22341324357096,-43.92186236495761,0.22434656289461302,na,c042
69.47857329575986,-43.97390899182607,0.2533385530980015,na,c043
69.39524380671658,-44.17965059786574,0.2860303181028923,na,c044
67.84437760883996,-44.98172016313657,1.8742048790147152,na,c045
-114.16368580073286,46.07678110831356,0.22917715442220213,na,c046
68.30068993484451,-45.101536945691876,0.9201262684405923,na,c047
67.03984185073669,-45.958618177313255,0.5091593191755427,na,c048
-117.29490083314332,48.590232785636594,0.15155420225508973,na,c049
70.52726986636449,-42.14105273231746,0.136881893254635,na,c050
-132.51999482635838,65.52856962450245,0.06226801698214962,na,c052
67.74605751979625,-44.849973103713175,0.7822245307001788,na,c053
68.77626564049564,-45.0338507144227,0.3618998823958468,na,c054
67.72282007715648,-44.93928417883348,0.9380976208100876,na,c055
67.43133705096712,-44.65459372260399,0.622009614471998,na,c056
72.5384686998182,-43.690869810642596,0.37855199027388153,na,c058
81.11221756350633,-38.76096720263251,0.09293711708622208,na,c032
67.8998190232341,-45.14175486016094,0.526679999887196,na,c059
67.93191838676638,-45.548886076136235,0.41499704324552095,na,c060
115.90281806988658,-28.755308302521545,0.016020752898212923,na,c026
78.28995208326077,-40.767532721086326,0.15942963332130258,na,c057
65.46704753316806,-44.118936981894606,0.6330445609402018,na,c062
62.8627085129062,-43.52601063104968,1.26317089954244,na,c063
76.74263476684986,-46.59693435256233,0.2658518847657965,na,c065
62.36041376812672,-43.426346683299485,1.1008854843560314,na,c066
62.24641686046495,-41.866575381220265,1.255761244625069,na,c070
60.6638888725995,-41.52536637309307,1.8287818267836495,na,c071
-121.62437920363884,38.52441670580581,0.5511928676837148,na,c072
65.44148462422729,-44.130579186846575,0.6515912875265535,na,c073
64.45681086390107,-43.7548763597028,0.8558769927297056,na,c075
66.89528028333507,-44.76457429528051,0.5751823448699027,na,c076
61.23156981969533,-42.77828299002281,1.6246030420420046,na,c077
76.1987504387476,-40.518884295975134,0.3646766375964547,na,c078
58.70423945647866,-41.160022673332335,3.837638729060692,na,c079
59.825602094478064,-42.61556474491419,2.3501572625988065,na,c080
64.5197548708069,-44.00627242780464,0.9580978069529255,na,c081
64.34928892392914,-44.73531028336726,0.8187436222121249,na,c083
61.44929010344095,-43.021172551286114,1.3044277681999918,na,c082
69.25762406925347,-44.71043047156727,1.5876192332349,na,c084
-110.90909205161164,44.28911507842503,0.8597617940851016,na,c085
84.28171054991714,-36.2504997379004,0.07999219250035768,na,c086
70.08392597479568,-48.249830043835075,0.13290615414842577,na,c087
-112.78999200026324,42.6421562817999,0.205239836659265,na,c088
-112.25196592759661,41.78111875265147,0.5447176257142825,na,c089
-112.70717745200672,41.34006631922631,0.5797926201767394,na,c090
-112.2773576067278,42.56863090124282,0.4868329666609909,na,c091
-108.29736495017958,40.10905305090161,0.2125600656612774,na,c092
67.80410697773999,-45.27334391857182,0.528396599598294,na,c094
-112.67154724593249,41.34479351057373,0.8612745664438638,na,c095
69.46302654411589,-46.962619291114024,0.26345806565856716,na,c096
67.93838419567139,-46.00746709116093,0.3462117864528247,na,c104
-112.72574422524758,41.10036049302125,0.6942549420699616,na,c098
-114.47209221615277,38.72339198630502,0.3789027993528811,na,c099
-116.16860103541762,35.93954533924167,0.2367387276094304,na,c100
69.58997447765293,-43.01022567812536,0.3851095902360242,na,c101
98.4685869063367,-36.87573622199825,0.07457959955459517,na,c_19
68.11297116592303,-45.93934515896005,0.3825608585635556,na,c102
-117.90379429986842,33.091275721330284,0.1669514532854555,na,c103
66.47839515222815,-44.73918876609916,0.5658517728550215,na,c097
66.23658416134327,-44.744157579711704,0.51121692293041,na,c040
66.95181226386022,-44.39630523598858,0.5664444783695393,na,c106
111.22101185191208,-42.48488177824655,0.02440638463265489,na,c107
63.99254672270434,-44.21653112961827,0.8224687975258926,na,c067
-122.70248933935622,40.678909340024966,0.9329791413089585,na,c074
68.71236572908333,-46.36829352364047,0.37195609982635136,na,c108
65.6555831577416,-44.74881719375749,0.6638608670538404,na,c109
70.80593066304375,-47.80522289617708,0.38050297728726895,na,c110
69.81492539744261,-46.77399912547781,0.468591138801056,na,c111
-131.1164906143516,51.37750893231831,2.3774435100152953,na,c112
-151.3930325390697,44.38088929120167,1.6630215209029267,na,c113
16.51502523901511,-58.42746253356822,0.0647890185709666,na,c114
-175.30731409797212,54.39301514427235,0.3655240171899283,na,c115
21.661182062804052,-65.53132468776714,0.7640035006885708,na,c_20
43.720588442461114,-66.17193053501335,0.2774210927949327,na,c_21
-142.39343693856824,67.82368087393189,0.4699795985997891,na,c_22
-177.93580213305665,44.50427941351274,0.5516097871654595,na,c116
98.57284780284613,-54.98574744355751,0.5289143859108797,na,c117
-163.43292801357225,53.6525264686933,1.0108946996775225,na,c118
-163.27064007284056,53.67721080272054,1.0035600002033467,na,c119
-176.1542041357214,34.06626607258698,0.19422944936940106,na,c131
-163.60475591845278,53.492481204747996,0.9708022499468856,na,c122
80.16124517505483,-77.51718200165655,0.30775280891156503,na,c121
79.26869987065032,-60.924041381687665,0.5330841403032804,na,c123
69.84100051607486,-67.31530081451959,0.5524412799917431,na,c130
49.77279414641223,-62.70307449139774,0.8996618810114235,na,c124
22.42235142497692,-64.15512983125505,1.5450925974240006,na,c125
7.894429408433761,-64.64412510830336,1.8320770394304062,na,c126
24.660944039900482,-66.85053541927579,0.700998400776697,na,c127
11.448801329025267,-65.25800240573464,0.25123965337564175,na,c128
16.487662753280397,-65.39136680155005,0.9265617537624553,na,c129
69.61472342521081,-43.213761261775,0.18533371073982655,na,c_13
68.65793030109239,-42.72680211400381,0.1681959957603684,na,c_15
63.74822069769169,-44.44851913849471,0.6462412419877993,na,c012
67.91690613174345,-65.90134286129447,0.5507013501393361,na,c120
61.82757135960085,-51.48268450416389,0.15392422618022816,na,c_23
90.20891498632142,-41.32036337460951,0.030776055593830485,na,c_24
-167.64093593821602,63.56797331875481,0.05149765153603104,na,c051
61.17094186768273,-44.66939339866079,1.320228851543233,na,c027
61.089475303359755,-44.029903868027205,1.345071592802515,na,c093
57.57831461163229,-45.86274104379609,5.432291165217116,na,c005
124.41243466380018,-64.95142808772255,0.04571525136757389,na,s_us_01
90.32269281779017,-59.19399553212522,0.07197931244004123,na,s_us_02
-122.90961183525305,32.919850063777616,0.23545159889257186,na,s_us_03
92.09595355507791,-58.282119803273204,0.07380051148829132,na,s_us_04
66.48056450727108,-43.961967209525056,0.47622344007659256,na,s_us_05
72.45340604087836,-48.306619902693065,0.1778389543470918,na,s_us_06
64.68361456226785,-42.83023652936797,0.7227740818864917,na,s_us_07
65.43275428318711,-43.808964671362915,0.5600763402012034,na,s_us_08
67.67452010081453,-44.728089683578084,0.34235560600661386,na,s_us_09
143.8153704620738,-70.17088341004381,0.035797106786899464,na,s_us_10
69.91865528273257,-41.174782211348834,0.5198537308139358,na,s_us_11
-114.42945414922238,38.42583614653809,0.3690981805253798,na,s_us_12
69.39702390908464,-41.1688255581769,4.1736840601055984,na,s_us_13
111.1610872826041,-38.48885603466126,0.02663052679016259,na,s_us_14
80.6744306320506,-52.69512064958015,0.09302306490164396,na,s_us_15
-158.35001850214323,-42.488252565785366,0.02643914595285498,na,s_us_16
69.14019787113642,-40.04768790071083,1.6993745213579081,na,s_us_17
82.00861074197567,-50.39081643117526,0.10299169787923099,na,s_us_18
179.0174748417053,-63.524091966413,0.03252760095694548,na,s_us_19
-127.51874040156379,15.293901512285396,0.07089355480723872,na,s_us_20
-114.60943896008693,36.58537604476465,0.49735674767420257,na,s_us_21
77.70092081644243,-40.42510315557564,0.16336811524844752,na,s_us_22
83.54301577932515,-41.29379890857475,0.11624213953876017,na,s_us_23
-153.36162429444974,12.292673691713013,0.020191778688462857,na,s_us_24
-120.44076958901341,32.08409550550409,0.07273814521265341,na,s_us_90
79.02447310501172,-36.939990898900525,0.22070925482741677,na,s_us_25
95.23388387448128,-36.3553317306397,0.05887614735853313,na,s_us_29
-148.90797701888,19.786514807385178,0.020128080065005053,na,s_us_27
81.84666576919112,-41.48288416754062,0.13188670715043574,na,s_us_26
77.98472964084098,-37.021918083673285,0.23165929038614916,na,s_us_28
-113.60144627733267,29.78055540894946,0.1615308375478062,na,s_us_30
73.7044690523403,-34.996373145711345,4.424391372265404,na,s_us_32
79.50737906946438,-36.96302872983259,0.22711702042694443,na,s_us_31
-125.16205101067162,29.44824382328481,0.06957214384554146,na,s_us_33
-120.73915506959182,33.74913755960637,0.10954420535042331,na,s_us_34
80.97694331969011,-38.03884311160572,0.15258550798669235,na,s_us_35
140.40586582484534,-41.689637848168864,0.023266340427034144,na,s_us_36
-108.6177495808465,33.61894342719293,0.6708977564544524,na,s_us_89
-133.07654633532115,18.98619964243368,0.04537292758333997,na,s_us_37
-152.16492109107006,-6.388089090566602,0.02807422063976043,na,s_us_38
77.64591169347787,-41.358114793025216,0.15405760350500014,na,s_us_39
-122.66841573693002,28.651182022690648,0.11019824230276075,na,s_us_40
97.00263203440558,-53.36092465052526,0.04802495688266327,na,s_us_41
73.40217599089108,-41.12931561176916,0.213594770881284,na,s_us_42
79.94999320510537,-45.349682591465836,0.10478770586797755,na,s_us_43
-121.37587091639128,26.25079367063868,0.12122284904464098,na,s_us_44
73.96187731703253,-42.4107429897011,0.16850596665574724,na,s_us_45
74.90763529406922,-44.832672557626985,0.14222172638170763,na,s_us_46
73.19544388441763,-44.491105434794655,0.15476571312814713,na,s_us_47
-135.32476299528975,-12.251223672895488,0.037105515646358056,na,s_us_48
-139.24495095860547,-21.22153855036247,0.03499222342882799,na,s_us_49
-122.59441345691235,28.80476088516583,0.15604066029584515,na,s_us_50
73.98432170666297,-51.53202672906656,0.13883244645496712,na,s_us_51
-120.91971758997921,29.950670911059404,0.1592335490759528,na,s_us_52
-118.0823047661979,36.78389570427274,0.5848182686840229,na,s_us_53
-119.42606059574074,31.72485500268104,0.22040079319605543,na,s_us_54
-135.34915052119894,16.761519384852214,0.07380535187604194,na,s_us_55
94.53939216024818,-57.318281245929015,0.07314898250965356,na,s_us_56
76.20772396304629,-48.24418496336184,0.15008736849474935,na,s_us_57
88.46473490912157,-55.42917326288341,0.08464144419072758,na,s_us_58
69.76181149311442,-46.07724937849025,0.22425411791576055,na,s_us_59
-126.84311334405893,27.69554579482985,0.14467667331881373,na,s_us_60
68.86848164087559,-44.29911198060763,0.31851309134801914,na,s_us_61
-177.54279926665217,-37.037816475904535,0.04629158691593341,na,s_us_62
-142.74548121643247,7.615079696594504,0.07508102134841418,na,s_us_63
-122.00020167698355,35.99580067353103,0.6364759291282579,na,s_us_64
68.63903328577652,-43.56154880486826,0.40232072387281925,na,s_us_65
64.35778738347861,-39.38269219413757,1.4424921862134918,na,s_us_66
-143.71249108609032,12.486585427857793,0.13102479412597404,na,s_us_67
-123.89391268943314,31.79799103546829,0.45238238432801714,na,s_us_68
63.27140151354405,-38.387809911262075,2.4345925474714756,na,s_us_69
72.34989002237043,-40.75898443972305,0.5243394275689763,na,s_us_70
65.99180430795165,-37.79458498843538,1.727732700033766,na,s_us_71
69.48236667194308,-39.11452477008269,0.5718791968639856,na,s_us_72
67.90494771762633,-38.85212759151636,0.44074848368649955,na,s_us_73
63.301955374313984,-38.6886154055215,2.2943832306188003,na,s_us_74
65.09763203776882,-39.938274232677905,0.7725497279401965,na,s_us_75
-124.31368261563595,30.919994010102243,0.23585073552708313,na,s_us_76
63.393842406765685,-39.208429234612794,2.119855164482323,na,s_us_77
-121.24280147789523,33.194473487078334,0.3594893512412379,na,s_us_78
99.15016036691276,-53.95720512210664,0.14016982449385548,na,s_us_79
-124.62828349679187,34.059652756776075,0.5453339808458595,na,s_us_80
63.325233820247135,-39.95963895481567,1.8650180601634563,na,s_us_81
62.943247044772015,-38.449287421530194,3.798675528810023,na,s_us_82
-119.73773413105995,37.29782858577522,2.395432026571444,na,s_us_83
-124.3917707999422,32.56278334178035,1.025797457804745,na,s_us_84
-142.61893158163022,16.1458704844542,0.26262867565808745,na,s_us_85
66.95552932774305,-38.26324609532535,1.5068500915200154,na,s_us_86
70.19111087403562,-42.5723981536825,0.5289786835248022,na,s_us_87
64.40879782084178,-37.357924807896296,2.330086214028534,na,s_us_88
-128.48193493385006,32.43517517865522,0.4375760889623368,na,s_us_91
-121.61498925025039,36.92658826139653,1.0964614684083867,na,s_us_92
65.76460762062511,-43.303805473360285,0.6504011586132197,na,s_us_93
68.31055242663771,-46.02087019433323,0.4067038157413182,na,s_us_95
64.07746157183752,-42.480888182647334,1.0116694592940045,na,s_us_96
74.82208521052495,-49.8505263282315,0.24340379055117217,na,s_us_97
97.50658598809744,-53.78132914860008,0.17050221993577186,na,s_us_98
64.19967815814312,-41.585780775790525,1.237862288119965,na,s_us_94
105.95590741690305,-55.357973817427805,0.15286279679433598,na,s_us_99
65.81217403711419,-39.74034740672454,1.4693342258072206,na,s_us_100
66.25622765954186,-40.67961798380643,1.2942464870555932,na,s_us_101
61.98782815518117,-38.10627876984527,6.918346258354954,na,s_us_102
-123.13487032125389,35.26663239205229,1.6931658078472518,na,s_us_103
63.46463569730863,-38.56914811293789,2.624874878959789,na,s_us_104
-120.52996085655639,36.913455890067496,6.290044855582706,na,s_us_105
-144.8735299482054,14.726498987107583,0.16820112690854114,na,s_us_106
-122.05969405039576,36.74433773932773,2.1583435980272068,na,s_us_107
109.66710110681403,-56.752938060570095,0.16111513186392312,na,s_us_108
-131.78950968956414,27.34149481321397,0.414164584991462,na,s_us_109
-148.9780639828072,-0.012979404663961767,0.14650767284272814,na,s_us_110
62.396819544339166,-40.87992247977651,2.3608273315946087,na,s_us_111
87.42705690564513,-52.791017582134266,0.21185719430059724,na,s_us_112
87.99887310501074,-54.99977966610043,0.15210528452942637,na,s_us_113
72.3210256054834,-48.66523928288269,0.32580257837958854,na,s_us_115
121.32559884567718,-52.56663876757851,0.13164658118958783,na,s_us_116
74.18622905676025,-50.09891026263348,0.24630363379046458,na,s_us_117
67.90669397735918,-45.90352431764097,0.4401572819294341,na,s_us_118
66.93185308200029,-38.87380274225171,0.5137209987346435,na,s_us_119
67.68614542891034,-38.63490314573347,0.4957622151172172,na,s_us_120
-121.86627086536711,28.19676451819622,0.15479044643418233,na,s_us_121
-128.028571171228,21.57682881433006,0.09391465019602485,na,s_us_223
-120.04621082089731,29.82084986303816,0.2197014408933067,na,s_us_122
66.08753157863771,-44.00088274620243,0.8346749745685693,na,s_us_123
-126.38658688256834,33.18014017087316,0.5754582878803363,na,s_us_124
92.89084893860125,-55.35345771368948,0.18358501571500505,na,s_us_125
64.10755703101923,-42.572457651983676,1.1777856111045604,na,s_us_126
66.68159568451765,-45.057495863741366,0.6568861913032257,na,s_us_127
62.37406798824693,-41.45113098589702,2.173334828241411,na,s_us_128
66.06381356670944,-44.77283841255807,0.7747005647180029,na,s_us_129
-141.5259905085267,11.695103448711397,0.18237672498286714,na,s_us_130
-136.9932697647131,20.998352724559233,0.29604527659023255,na,s_us_131
-137.9150874105319,17.736508346403927,0.27924734623890934,na,s_us_132
-127.54040749346602,32.832971675183934,0.7404198194205518,na,s_us_133
69.51007486683253,-38.37105355426638,1.4985650829141883,na,s_us_134
63.36577596116199,-36.88716814284633,4.1561080103997625,na,s_us_135
63.57302391922865,-36.70888805152875,4.269801695270955,na,s_us_136
61.94922039065708,-35.664558268917396,11.888025557448545,na,s_us_137
66.75829923527247,-39.967183319636106,1.1995776925426231,na,s_us_138
-126.76499587886997,28.40093449549628,0.9647751682820875,na,s_us_139
113.98855430095088,-39.56187752702178,0.16754074693691642,na,s_us_140
-118.19635350706004,33.8783056289428,10.900922630646638,na,s_us_141
68.51707177615071,-37.299802537564034,1.458220077304722,na,s_us_142
64.10639856570019,-34.45961688277722,17.08665491748205,na,s_us_143
64.00501157869195,-34.35596305814766,23.543625729506946,na,s_us_144
-118.70625150140374,33.436082023819104,3.1554888428109047,na,s_us_145
-123.54043170044025,30.496922198207578,0.8123056959956911,na,s_us_146
-118.23567421912344,33.63565351341018,2.421244109586428,na,s_us_147
65.7062638712912,-34.93812532764493,2.050613510108678,na,s_us_148
-117.31133356914259,32.519529794649735,0.5591220282818492,na,s_us_149
-116.14061775151889,34.587933976519224,8.403130864630365,na,s_us_150
-115.94129805340732,34.372124141538364,6.614454585616437,na,s_us_151
-116.74594196591221,33.828544170816166,1.0830678251516244,na,s_us_152
64.41271048986789,-35.56119246685251,4.5741067213862365,na,s_us_153
75.60292041682789,-50.013849892997406,0.10286912929474852,na,s_us_154
64.6773841481794,-35.92427490927216,3.600086285623471,na,s_us_155
64.31741654347779,-35.80210555743846,4.505897589742112,na,s_us_156
63.96937693420872,-35.42341627886315,7.179489383971102,na,s_us_157
64.01969564684113,-35.730015819794005,4.952333060717062,na,s_us_224
64.0879108158805,-35.96428703340239,3.890812800153976,na,s_us_158
-118.40018334298313,34.94136170354663,2.576133653259237,na,s_us_159
-117.6369664780979,34.12273611217962,2.430865311887287,na,s_us_160
-119.9455988594162,30.11449951834534,0.24968832856776946,na,s_us_161
-120.84635476576938,28.310734502361726,0.17546558985724675,na,s_us_162
-117.547267880386,33.75158795747205,11.265877941138925,na,s_us_163
64.17169191983021,-34.13424932591384,19.740546863358304,na,s_us_164
63.98329806298833,-34.083858173522714,32.16139472469401,na,s_us_165
64.42347601884173,-34.154894235639496,10.686915739980883,na,s_us_166
64.11649932890235,-34.32628079141487,17.07655903670558,na,s_us_167
-117.50076250324587,33.66134440774051,13.743632939189192,na,s_us_168
65.19494991053976,-35.63332383054559,4.5022957428154236,na,s_us_169
-118.79218153413375,33.18309826669004,6.121235499568751,na,s_us_170
67.59188520346444,-35.94353562031696,2.842139675616015,na,s_us_171
64.84929175084233,-34.32781639942512,7.647444077792298,na,s_us_172
72.33949805902324,-41.47950473829944,1.7244461662510822,na,s_us_173
89.26450155920065,-49.3691317069153,0.8099345999757237,na,s_us_174
-125.283394868556,27.29304957285888,2.0937795059979933,na,s_us_175
79.92621719332446,-41.999073094118465,0.7619334102475477,na,s_us_176
-117.79563904950601,33.94808355138726,53.72644900216052,na,s_us_177
-120.31960776924139,32.08085551404768,6.567191955511778,na,s_us_178
-118.95285772925817,32.781348095672385,6.034899010915083,na,s_us_179
67.06016735838212,-35.74884068700246,3.4587007489907857,na,s_us_180
-124.5731806510744,33.50022611697764,1.0534878805289525,na,s_us_182
79.07617781360668,-46.352010115791316,0.5109066383254919,na,s_us_183
59.277447707071424,-37.07142594269653,25.060095498255293,na,s_us_184
62.93518562887954,-36.71716259099999,7.342936006727796,na,s_us_185
82.513559326196,-45.98962162168584,1.050703728923886,na,s_us_186
-128.1536891583968,30.78671500889138,0.6587438612747933,na,s_us_187
-135.49826363135338,21.54193291674701,0.28816133816812467,na,s_us_188
60.44787623053129,-39.29611615894206,3.205059431830215,na,s_us_189
63.145804400849265,-39.74032482532013,3.9131604774500173,na,s_us_190
60.659519707361824,-38.355244242683135,7.942139420803623,na,s_us_191
64.0376812327361,-39.450610571550754,3.1796867631213623,na,s_us_192
113.87515071798104,-48.671197367033876,0.6143808883582382,na,s_us_193
81.23977295769062,-45.63525515226451,1.2695455767405992,na,s_us_194
62.475252493286945,-35.96101145758306,10.298010458093732,na,s_us_195
71.9328134961082,-42.185559936132364,2.0712842771285938,na,s_us_196
124.1287479148754,-48.440792288271666,0.6628428945154963,na,s_us_197
76.46459633680718,-44.294894807518226,1.5487920197128568,na,s_us_198
93.26270914083989,-51.22941354962556,0.3480362332093594,na,s_us_199
59.138277597927285,-41.58654583308768,4.705116635138165,na,s_us_200
-125.87624131428697,36.855639757801306,3.8343489463587743,na,s_us_201
65.7375061375169,-42.17178931358204,1.6229774595733464,na,s_us_202
-127.63125519137205,35.08635164693041,2.045521613847328,na,s_us_203
-123.2711389234146,38.88537421962309,82.85645389189172,na,s_us_204
58.97015663231034,-41.470889556069444,5.321369926891751,na,s_us_205
98.35647202863801,-50.168079751214826,0.5655250741183333,na,s_us_206
64.28812582482483,-37.49202097381388,5.161734470741501,na,s_us_207
65.37512118617698,-38.96440647784278,4.08175961053239,na,s_us_208
81.7609586219799,-45.61752084150897,1.29540410302555,na,s_us_209
79.13732976482666,-44.739097547485486,1.4369868750779151,na,s_us_210
-131.60601532156304,26.338445076722607,2.017548803730491,na,s_us_211
80.05166817866694,-45.328986930399275,1.3610641496405937,na,s_us_212
85.58449450690202,-47.12033398780314,1.125622154814154,na,s_us_213
65.25579733410873,-37.62053472947124,4.350848819752119,na,s_us_214
66.75460763844045,-38.58926211603709,3.353322509773985,na,s_us_215
63.852430595871446,-36.460256549716455,6.723783560124518,na,s_us_216
162.78566332729798,-46.33904717127911,0.36442934333118515,na,s_us_217
65.20645082681862,-37.146698033976314,5.021486248512298,na,s_us_218
75.35329457456805,-43.0715515675702,1.4614989130617209,na,s_us_219
68.92278883616011,-39.21294430816044,2.840390461621926,na,s_us_220
65.76934309855092,-37.25518211572907,4.573905624473198,na,s_us_221
72.47697697490186,-40.95858431036128,2.0841835089726626,na,s_us_222
110.46767844464922,-5.05941860115034,1.242751206722037,na,sam001
165.15193141712837,67.62986338400825,0.15879606416504358,na,sam002
125.42762987475278,32.686408477832565,0.21308820282189314,na,sam003
110.57748126355997,-5.169598014946934,1.3177386466207612,na,sam004
114.38498959534449,-2.1975851435772533,0.6058639149949892,na,sam005
126.7361492048935,9.969370538235742,0.20279715327439712,na,sam006
110.23381314319762,-8.503104083907111,2.258970548595131,na,sam027
120.93459329373896,4.681999402543619,0.37538713188505035,na,sam007
158.81523902496681,34.46089242701867,0.06093254640103495,na,sam008
118.7517073791067,-9.68381985716256,3.4000448629383393,na,sam010
151.46192633778017,65.12468933070117,0.1263172013776367,na,sam009
120.68007994531645,-9.48985457664932,0.21184426396596664,na,sam011
135.33104741587206,6.079813092587591,0.1633821510051715,na,sam012
-131.56268122450518,9.995672321072359,0.11548692901579771,na,sam013
117.71267229610164,-1.0046461086788252,0.5071899293260874,na,sam014
-128.70405096119825,10.233561602647073,0.12568743036098723,na,sam028
106.97837251364382,-4.769865957176885,2.2306472576349083,na,sam015
107.79565026162452,-3.7772406244490013,1.1641004101637171,na,sam016
-82.70236423875154,5.50809761503039,0.852857604609954,na,sam017
-85.5576499650812,34.283065615828576,0.37987477586902574,na,sam018
-99.78565221660149,15.259502726004476,0.24989030192968023,na,sam019
-92.95018204512802,12.992665448820247,0.4930005354479306,na,sam020
-84.68409880920352,3.7521640759627943,0.5601560946824002,na,sam021
-85.05450015500296,2.7142951794339485,0.6583387253391241,na,sam022
113.82086249535578,6.379023785057413,0.374124665776732,na,sam023
110.05446476743028,-3.520719772555103,0.4591997415726969,na,sam024
-80.49960557364105,0.3376861079877449,2.0433306132986315,na,sam025
-88.03896190485837,-4.011080097134484,0.2465868354067746,na,sam026
109.62123900240584,-2.7240047133799288,0.8756983697821861,na,sam029
110.39250044755734,10.830523973680485,0.47401864769713226,na,sam030
131.0880592064155,16.972192802556695,0.18873567937575814,na,sam031
107.16531053018527,4.075135091848831,0.7477537534357137,na,sam032
-87.93375936063121,-3.0477764924928836,0.27103679451968726,na,sam033
-85.71261855681472,-1.9033719433840035,0.5660258698708268,na,sam034
-84.14602559324143,-2.9236331304214493,0.4425807223884302,na,sam035
-81.86733890126514,-3.891879781383811,0.7293440521001938,na,sam037
113.67789034192329,27.515660762276333,0.38640088925994776,na,sam036
-73.9852598386412,-14.240164081144913,1.2407043688402197,na,sam038
-73.31934827541954,-15.153373588450798,1.5429460492715183,na,sam039
-71.53385159042968,-17.880629882433706,3.9188079991060962,na,sam040
-71.96214754856372,-17.61174958107047,2.895328907218036,na,sam041
124.123015345943,36.198664778764275,0.5390685344401533,na,sam052
-72.2616396164422,-18.382523272329934,3.1167578517808785,na,sam055
115.84788775857383,28.681466383806157,1.4628721842055348,na,sam044
168.26244572391445,41.32227343145283,0.1770445059128106,na,sam045
110.47494287768464,38.468726089184386,2.9656715820765354,na,sam047
-98.90534217588643,-36.673386937330875,0.3563134568930254,na,sam048
124.20433616757404,25.33010795270282,0.23231888614643825,na,sam049
164.60642789066821,2.1589265855292012,0.08009687362895422,na,sam050
124.44525914037561,31.036498834817724,0.4638377206372166,na,sam051
-72.55149311049765,-16.855067220220572,2.0136725741023995,na,sam042
-71.39703225452773,-17.702927872686573,2.839956554461239,na,sam053
116.15039923691698,26.72079137899063,1.076720696199779,na,sam054
117.70541644982401,31.035568955755235,0.8736418795155323,na,sam043
-90.19828123293263,-11.998324233999034,0.19151924179767285,na,sam056
112.61744396429444,23.627207475346435,2.4510153935336367,na,sam057
-71.78587721764568,-17.333671960963887,2.954552787190878,na,sam058
-75.11203910266482,-14.6862336782334,1.0768840342119048,na,sam059
127.15249389700674,28.349819091260112,0.2011810448242089,na,sam060
-168.35193658242596,21.109127323729975,0.09566426430435852,na,sam061
-173.38474714497463,-4.618752303905192,0.0562528261699659,na,sam046
151.61863722085852,26.408500575904885,0.12937847705769562,na,sam062
116.33908441595743,21.35354829029743,1.0424425491941915,na,sam063
-83.65157121238337,-10.646788799085309,0.3548621013734869,na,sam064
116.3398411128345,22.72596681797623,0.89307168402599,na,sam065
-90.87455275787467,15.52054244447187,5.898420991731765,na,cca001
-93.14122939498195,21.97357824940231,0.7897571051735696,na,cca002
-97.30267738958797,30.075543266394064,0.47159232920297606,na,cca003
-94.76208241746953,23.929257708126087,0.7697786266407338,na,cca004
161.25446176545995,59.7159969108468,0.15086715209371862,na,cca005
103.90581376817701,16.437195256250078,0.2931634863719944,na,cca006
-92.97753477804147,22.790131630066593,0.9754795316800493,na,cca007
-92.14731339819491,23.465545891407242,0.941958377206791,na,cca008
-90.94147371146141,19.49885726040345,1.7988776264010544,na,cca009
107.82582275462856,13.819495812929834,0.27861579219844146,na,cca010
98.5106714788947,-1.2956392222750297,0.6165578662682238,na,cca011
-98.40461820414103,16.995179558363724,0.41644150431252874,na,cca014
94.8809208284174,-10.761031402591982,4.113667724922863,na,cca015
97.01625112276614,-8.826931956149313,7.831594889871273,na,cca016
100.665376324401,-1.9540644917186034,1.4001721856735863,na,cca017
101.12698073085811,-2.6293647584732307,1.7968655186073617,na,cca018
106.75543314319323,9.038314176335726,0.7806078774560841,na,cca019
117.78270641279217,29.857001207291084,0.3360287103300462,na,cca020
-107.92890478488019,54.919184040066405,0.2591667737130958,na,cca021
105.74213932675028,1.2662375351219697,1.064005507599682,na,cca022
102.49025035186996,-0.15907264325014592,1.6674754641152016,na,cca023
131.5657460882963,59.37244371725951,0.15427009932897326,na,cca024
-90.9069146790235,16.445916374060964,2.1318752676268753,na,cca025
-94.86881373298735,18.69859123016549,0.5229865735730385,na,cca026
98.6538244527634,-1.337948770589732,0.6299304812410607,na,cca027
95.00085159216157,-8.903446347192286,0.28382180441387417,na,cca028
-103.23258519709728,18.96515592142982,0.17992543168011232,na,cca061
147.58495868453176,-1.2112922252341753,0.04992565626538742,na,cca030
-108.60606005513297,18.661778204406524,0.16793531697682837,na,cca031
112.18956414054306,-22.4366372101303,0.05295923934205263,na,cca032
-78.81258400269958,21.69078898233346,2.1468716148663334,na,cca033
-78.78512715588303,21.664854337595063,2.1400960561794555,na,cca034
119.12221258699059,32.63020209458488,0.1424293036695243,na,cca035
-78.87759615392018,21.996845586478816,1.9686489427455782,na,cca036
-78.04048387456085,21.919200416706225,2.0295881856167313,na,cca037
-79.50864625577985,26.336092944273872,0.8319706052198871,na,cca038
103.88626258761037,-8.371853889955695,0.7348117734535067,na,cca039
118.8316074964406,34.07449485567455,0.1358769014606519,na,cca040
112.69604976037105,36.4567877559946,0.1324473547737371,na,cca041
98.70547905806504,-3.789888047937222,0.6976937639650276,na,cca042
108.24333410837129,-18.18643080825937,0.07242131562190868,na,cca043
-75.22406912335533,21.087211545769808,0.5990930662642814,na,cca044
-71.46538910619938,24.911164050620695,0.911905866023729,na,cca045
-71.3756580150382,26.591358540743418,0.888756943111346,na,cca046
129.8482603659964,25.80975294339404,0.2215388771126095,na,cca047
-80.05866243690197,43.03645420465518,0.34247730193355963,na,cca048
-81.56875789596648,44.91069431050174,0.31754910688275556,na,cca049
-71.8757996284454,21.640377030030038,2.3540561600564387,na,cca050
-79.70902656957551,47.77535215796863,0.313920132592947,na,cca051
-69.62159271640068,29.538769939569033,0.7390346615053727,na,cca052
-68.19998668209305,32.25761544026249,0.5407930870448949,na,cca053
-80.88011199554417,55.575727983203095,0.2389047955683281,na,cca054
-99.28768489127555,18.658952199641867,0.7230151578987725,na,cca055
-99.61125737101294,18.657423507978386,1.9918296158515802,na,cca056
-138.62180141501267,27.463095127865394,0.1682155267241636,na,cca057
-164.48297597400128,-8.942684201457585,0.01875340278863519,na,cca058
-125.05826648439931,14.432172561009278,0.05757122677230812,na,cca059
78.86616715026298,-21.425591720314806,0.8510825568736899,na,cca060
92.08923998730131,-15.441359677259351,0.6014409694671589,na,cca029
-90.00595279960686,13.681656021564416,2.3928953618041158,na,cca062
-103.23297834542717,21.299607093738786,0.38427982096681734,na,cca013
-124.9760946442682,20.243877506073332,0.07328123424993259,na,cca012
-168.6321128075166,-8.789443018226397,0.020093839836941987,na,cca063
-109.26710424537568,20.275813477805954,0.7299117212529229,na,cca064
96.86203298239445,-2.811681223331246,0.73597494105829,na,cca065
-90.31897054424476,17.43951284580806,1.515165773286428,na,cca066
136.50325040550567,33.1351346859889,1.5495437066573772,na,jpn001
117.07252830397206,-2.3165611704160525,0.20491060675059222,na,jpn002
-35.79137874159034,-42.710997892387496,1.4564058098309633,na,jpn003
-36.030682819978914,-42.318835573135296,1.6109312483794478,na,jpn004
135.74975690969703,35.45792670707679,1.2078956271474333,na,jpn005
-25.229903756081306,-53.395398318208045,0.5810707509345947,na,jpn006
-34.86558587280754,-46.29820765328229,3.709630835049284,na,jpn007
-34.971515198487985,-46.43594712785289,2.9365395511032935,na,jpn008
-33.533914174520135,-48.01585957621309,1.8702203384627305,na,jpn009
-34.34081730975842,-47.24494375933965,1.9642518160666433,na,jpn010
-34.63842436232023,-46.70435318099412,2.0492984593988735,na,jpn011
-35.43950383890406,-46.23304840601231,1.7674773149941405,na,jpn012
135.0679649374326,32.9325075698731,1.060899927528304,na,jpn013
-30.768347830580804,-49.60979188649838,1.0505331427553009,na,jpn014
-32.80540565051291,-46.97004736281366,1.2239144478498436,na,jpn015
138.15850092114795,33.80209478330855,2.2949937488123244,na,jpn016
-37.48807809350146,-41.02948120009917,2.795096058691186,na,jpn017
-16.432464652771774,-57.819459174854835,0.4061521917753182,na,jpn018
-28.121271632523293,-51.64612132437749,0.7582452916143392,na,jpn019
-33.825513699312225,-45.009042580558585,1.4120038929310157,na,jpn020
130.42816494912617,14.974890243928371,0.5526896505025378,na,jpn024
134.43257177759858,25.52072384693522,0.9403571642670875,na,jpn022
127.04833797298885,11.482855108249337,0.3875681061124573,na,jpn025
4.659380905782685,-62.68717109205927,0.2611167666867579,na,jpn026
-35.588006597627555,-42.603954106110066,1.248212021961948,na,jpn027
-34.20497444523582,-43.02322134085956,0.8991572482601552,na,jpn028
-34.401919857520355,-43.69604470801112,1.0512880987466973,na,jpn029
101.937707447569,42.95661200314023,0.14244141988776862,na,jpn031
128.7864704848547,28.84310923779237,0.4238747428167213,na,jpn033
108.59633012316212,9.15587589986812,0.13181219133531602,na,jpn032
-33.529412972178356,-40.94529765017763,0.6157608832070119,na,jpn034
-37.97228898991999,-39.682675034415304,1.6299205669972436,na,jpn035
-39.488920171741285,-37.422954282359896,1.8593643024633197,na,jpn036
-41.20429549874834,-36.88437287708652,4.890061909076086,na,jpn037
-39.912301394783796,-37.97689532574769,2.3998881406824664,na,jpn038
51.258868625759334,-57.26837828017752,0.14090332102982447,na,jpn039
-37.380233036929226,-40.10086597104443,1.6898984969664095,na,jpn040
-39.377600871101436,-37.46872304443135,3.9460151640311447,na,jpn041
-38.900418049986015,-37.73340067134701,3.1830032458171025,na,jpn042
129.42137501088183,19.81710608055659,0.659646251113893,na,jpn043
-39.88981708169518,-37.071803133623824,4.528787049152866,na,jpn044
-41.3715879591352,-37.01161591228117,5.028536768016108,na,jpn045
136.88290041285134,34.43859997297777,3.0209898015758467,na,jpn046
-41.06758741170208,-36.81604976732467,2.705894599656404,na,jpn047
133.86382786383527,30.028219722359356,0.8340362221760752,na,jpn048
137.0700617203287,34.30073668691094,3.853461808429981,na,jpn049
137.03546999330626,34.19257517657181,3.5377667455446247,na,jpn050
-38.711060716531485,-37.80784228060431,2.2122334276414515,na,jpn051
136.9975521518097,33.85539554302801,3.3154844381638546,na,jpn052
136.62369057528088,33.88335360063329,2.461989827721247,na,jpn053
-41.689957858252974,-36.72395169298783,5.994188338410111,na,jpn054
-41.69164864831561,-36.69875546381963,3.71105296231144,na,jpn055
-41.36862676940789,-35.46083078943004,1.9060380322264188,na,jpn056
-39.192327921583136,-33.1032042632684,0.8775421198749324,na,jpn057
134.61160528582138,39.332391369325904,1.2120456465527918,na,jpn059
134.34164194846775,41.70918275073718,0.8523531993168619,na,jpn060
135.2915460540497,37.33917837612156,1.0914770112597894,na,jpn061
136.7627710639196,36.468805819373124,3.3200115422197496,na,jpn062
-42.454934462809945,-36.403710901792145,5.175498528139448,na,jpn063
137.32512555495603,35.4878637567152,5.755632195052685,na,jpn064
125.57851592869233,51.77558533130573,0.2847106526096377,na,jpn065
-43.1178374666998,-35.91874932226961,7.864237648400253,na,jpn066
-43.59450118361466,-34.29179573208762,3.294784361054123,na,jpn067
134.40620430405076,31.509558547689476,0.7457483108807127,na,jpn068
136.85977850962374,34.84281251557133,4.011775082627081,na,jpn069
-42.871282431579196,-35.9724114870688,6.531054975563571,na,jpn070
137.53846240719307,23.130150403355707,0.055105268572818764,na,jpn071
136.53133975527626,34.50953237133012,2.5445343485572747,na,jpn072
136.37341128915415,34.42488097756852,3.1115631252091354,na,jpn073
136.57567731656067,34.07740071444725,1.5081061000360911,na,jpn074
130.87581309062617,32.12456467216401,0.4177900745249441,na,jpn075
136.66998563411718,34.58542963248183,2.199203911417045,na,jpn076
136.6459334908265,34.82403015848017,1.9005683197979428,na,jpn077
-41.20964713814287,-45.53536983490639,0.12520391766633582,na,jpn078
136.25135133237052,33.98157392360831,1.3975235441169107,na,jpn079
-43.44657988202277,-35.38355923178134,5.316285708558941,na,jpn080
-43.365555426523684,-34.21049491391772,1.5142217022040463,na,jpn081
135.3528947999997,35.01837480498225,0.7206937568953493,na,jpn082
-43.62723191732464,-34.23055866329109,3.3902311767392375,na,jpn083
-43.895035507982385,-33.815564174447935,2.0195114131321126,na,jpn084
-43.887262647782556,-34.41765339626413,3.448517108938431,na,jpn085
-43.12428984913889,-32.53814124751515,1.5481164773255882,na,jpn086
-43.621506678740204,-33.99869219661887,2.1883966720806387,na,jpn087
-43.65053913287304,-34.011470443975064,3.9343092245406543,na,jpn088
-43.67099472805286,-34.1450094712721,2.7967856600604075,na,jpn089
-41.85044352847868,-31.12616637872736,0.8263635766250388,na,jpn090
-44.60930969584679,-33.57816047306636,4.259174245428349,na,jpn091
-43.948164998935866,-33.61455907634172,3.335161803065787,na,jpn092
59.38956331406484,65.62828140108668,0.11191260450592007,na,jpn093
131.66492824104944,41.90794441864599,0.7779057102049374,na,jpn094
100.26103234634716,68.61487446775236,0.15099212365165543,na,jpn095
131.43913456471685,40.240157792780764,1.0536696684001507,na,jpn096
114.74755020063037,46.16167563103452,0.21612082486957165,na,jpn097
-43.33868218370784,-33.432980557808726,2.108402707814942,na,jpn098
103.15766226847374,22.799852706716358,0.18175475849070194,na,jpn099
128.02756296559522,33.4163730161112,0.8125810024364264,na,jpn100
125.31608433825564,37.55043498234985,0.4926000895717442,na,jpn101
129.75027793033243,35.19557765179866,1.3455511835146858,na,jpn102
132.5815120060888,39.489523834376165,1.43576000817806,na,jpn103
130.23784047854244,46.64598652455074,0.5640057503387117,na,jpn104
-46.71387069967374,-30.79843028223627,1.6762526082086238,na,jpn105
-46.762764177372006,-29.721887654738854,1.400468494130075,na,jpn106
-46.809372744988835,-27.923422725357323,1.0044772556478114,na,jpn107
-48.72227909800218,-31.376737602081793,3.6802565395557107,na,jpn108
-43.98761146324459,-31.11897984191806,0.6955642011936332,na,jpn109
-45.0122456117141,-27.127231787061056,0.4629302843655789,na,jpn110
-46.7889750370212,-26.585715472240512,0.8462783891409791,na,jpn111
125.6541494939173,32.80927390290876,0.647354604359589,na,jpn112
-48.942316937087455,-31.6823447624088,3.509758666564742,na,jpn113
-47.88665215807462,-28.410805259080586,0.9857585338940682,na,jpn114
-37.75611915652576,-39.66025018132308,2.187619104803691,na,jpn115
138.16154075570458,33.44458766679146,7.602289458035092,na,jpn116
-38.323058960583396,-39.73638176039158,2.6016138535355533,na,jpn117
-45.980233620337586,-31.96698450234876,2.529751601664873,na,jpn118
-48.17032525449244,-29.96796026952634,1.610112595204029,na,jpn119
-54.05642074761128,-25.197929106479187,4.4700956188724374,na,jpn120
-45.619666099312326,-21.55114151245026,0.6000143698544808,na,jpn121
130.43435505108891,44.600550975592576,0.6701343089111811,na,jpn122
-43.806365188535835,-34.337225959103485,3.2410373665115264,na,jpn123
-37.10501876521002,23.33083934482817,0.1573496971216296,na,jpn124
147.40200098348777,-5.429697256379046,7.975652637613818,na,manus
99.78481625107587,5.648974714807514,0.8082015540886027,na,ocn021
-31.249772641105377,6.002002202857948,3.9828148348004686,na,ocn002
123.78033096463388,0.3282033602641397,2.701016787219355,na,ocn003
122.91790222055985,-10.606479319359519,2.4120088560381543,na,ocn004
129.54128333551364,-1.3766536948443082,1.8483174100671256,na,ocn005
138.28219550589836,-3.892172329082234,3.506677756313471,na,ocn006
125.84207718059297,-22.607054290790817,1.1201108916540226,na,ocn007
138.98861686317397,-6.881477078612883,2.518019475674394,na,solomon_sea
120.26383400633001,-10.122021553020017,2.0384851242533775,na,ocn009
121.89080710443093,-3.736337193587088,2.8195493261545623,na,ocn010
-53.81962659833835,2.045807225286622,3.957283273886769,na,ocn011
-53.42812657525161,1.4028780520155506,4.248166310931828,na,ocn012
124.49294266692148,-4.508703807029811,3.92583086533392,na,ocn013
125.11446193975168,-3.531511637233597,6.683492922638422,na,ocn014
-47.06903654962747,1.2277278609522164,1.1003870736727546,na,ocn015
120.14697553078946,-1.933319755083697,3.281888790635158,na,ocn016
-50.3012417836017,4.781408460893409,2.158528296728694,na,ocn017
-56.13342817538123,4.092422631310462,3.1191269277487974,na,ocn018
-60.48059077516656,8.384323021573827,1.684354171204212,na,ocn020
60.47767033794825,23.601126957962297,0.7084178276165128,na,ocn001
132.09863726045535,-9.456805022265334,1.3475896327304926,na,ocn008
112.71268872523794,3.153127121475528,1.9463473764795975,na,ocn022
-78.73217644543702,32.25925140211209,0.6042967364592596,na,ocn023
119.07294067672849,12.435851687534734,1.3161906495879967,na,ocn024
125.62647951834516,-3.3084234558181116,7.308250506671039,na,ocn025
119.75201024012854,0.030084467292185387,3.1759191318230564,na,ocn019
-83.83085079305962,63.402633850153684,0.20712302195614538,na,s_china_sea
-85.52687156028361,53.89971530535336,0.3226147984046914,na,ocn026
-76.06365536643143,44.74226102041819,0.39678639292287915,na,ocn027
-18.89946399604248,-43.34915235620208,0.7061251987035173,na,phl001
113.85580908960524,-10.344724879295272,0.6723243907338878,na,phl002
114.58688981430056,9.183098642897418,0.6657704180196345,na,phl003
118.20325496248128,5.213760983208574,1.2105343287183756,na,phl004
121.2480791662934,7.533378177353913,2.786744168989651,na,phl005
-28.714717691135444,-32.73166603618122,0.718893983211714,na,phl006
119.47155443381436,8.932400492426419,2.2209329905920447,na,phl007
120.41705963085988,12.552686555448872,6.925326910919497,na,phl008
-49.19975599041964,-19.148549564316987,1.493366584476209,na,phl009
110.39267815691589,1.3432653330518212,1.6417452565040223,na,phl010
112.71681313109147,3.748109031505829,1.8038777576749279,na,phl017
120.99553167917165,13.902427347162126,24.599968806537113,na,phl012
119.34766954376514,12.284639976240705,5.920880113714721,na,phl013
117.43865598152195,11.115435228658653,4.409662036401524,na,phl014
-19.906185868487523,-45.159120525285,0.9370033767089596,na,phl015
118.4399890216607,12.844349771041031,5.681021205065679,na,phl016
120.94488160728638,13.723635071539197,20.320400118878492,na,phl011
117.35288458463683,12.414378421825827,4.86972191362369,na,phl018
115.70157576818832,6.46836299440504,1.9380159585088237,na,phl019
119.51252518822876,15.886959357897783,9.020594879042214,na,phl020
111.45805562675257,-46.36711742149199,0.6805140166992129,na,c024
118.08129556550574,68.70414731628361,0.21848484311317054,na,asia
83.88465089751682,62.811746053138755,0.03599949115281642,na,arctic
-2.465876299532527,-32.65561986540694,0.016851442824518836,na,grn
-19.006489835525528,70.02801192840984,0.04526318126162679,na,els
132.65868772255288,6.893024999069961,1.289483639584347,na,mar
-14.530294504558565,-52.22369964034602,0.7828642268760541,na,phi
111.06141588298966,-34.167104147448285,0.8636502180994194,na,crl
-136.99728712210558,23.633557810164607,0.6919671808234089,na,cocos
107.39566042237826,32.09113592050279,0.400279355164623,na,nazca
49.30692439764363,-24.771218440560226,0.5624794444375386,na,van
19.632466005176166,23.235718506041735,1.5626862354698812,na,fiji
7.611743070826995,27.237327893702098,5.6358452877399055,na,tonga
59.739684234073835,24.045386685718086,0.7141385071278709,na,aus
124.93676466467466,69.04707971127267,0.20925703563888357,na,eur
112.38274520718649,75.71842916781354,0.19702416468413236,na,waf
112.88156017475303,-36.71292107667966,0.02394279267870764,na,enam
68.63302851826751,68.15016776777726,0.28028573815406327,na,eaf
68.63302851826751,68.15016776777726,0.28028573815406327,na,eaf
-145.24429951573705,72.45533616189034,0.16699188482984306,na,car
-113.87907250552756,23.130950951523456,1.0093366337771696,na,riv
23.720945479012276,50.45964241350516,0.44918795599878936,na,indo
136.4784006545555,-21.850829618222733,0.9784651155898608,na,con
25.22258301703735,5.70526400727118,0.977564559037643,na,bal
-179.11655533152472,-12.566909272609507,4.8900521317504095,na,niu
26.905126495908505,31.615721990409906,1.0899806076871956,na,ker
125.56758475931905,-6.921893054026408,0.1415685552868865,na,sam
106.96746112256683,46.13611301423987,0.35694485671877524,na,ant
